priority,enabled,call_line,prefecture,area_group,manufacturer_keyword,product_keyword,store_keyword,repair_type,is_over_10years,vendor_name,reason,needs_escalation,notes,contact_type
10,1,ビックカメラ,,,,,,出張修理,,ソフマップ修理センター,ビックカメラ回線,0,,
10,1,ソフマップ,,,,,,出張修理,,ソフマップ修理センター,ソフマップ回線,0,,
20,1,,沖縄県,,,,,出張修理,,宗建リノベーション,沖縄,0,,
30,1,,,九州,,,,出張修理,,CER候補（担当確認）,九州エリア,1,,
40,1,,,,,ヤマダホールディングス,,出張修理,,㈱ヤマダデンキ,ヤマダオリジナル,0,,
45,1,,,,,,ライフデザイン・カバヤ,出張修理,,ユナイトサービス㈱,ライフデザイン・カバヤ通常出張,0,通常の住設新築・保証対象機器はユナイトへ依頼,
50,1,,滋賀県,,,洗濯機,,出張修理,,ユナイトサービス㈱,滋賀×洗濯機,0,,
60,1,,東京都,,,洗濯機,,出張修理,,WRT修理センター,東京×洗濯機,0,,
60,1,,神奈川県,,,洗濯機,,出張修理,,WRT修理センター,神奈川×洗濯機,0,,
100,1,住設業務,東京都,,,,,,0,ユナイトサービス㈱,賃貸東日本10年未満,0,,
100,1,住設業務,神奈川県,,,,,,0,ユナイトサービス㈱,賃貸東日本10年未満,0,,
100,1,住設業務,埼玉県,,,,,,0,ユナイトサービス㈱,賃貸東日本10年未満,0,,
100,1,住設業務,千葉県,,,,,,0,ユナイトサービス㈱,賃貸東日本10年未満,0,,
110,1,住設業務,東京都,,,,,,1,㈱リファテック,賃貸東京圏10年以上,0,,
110,1,住設業務,神奈川県,,,,,,1,㈱リファテック,賃貸東京圏10年以上,0,,
110,1,住設業務,埼玉県,,,,,,1,㈱リファテック,賃貸東京圏10年以上,0,,
110,1,住設業務,千葉県,,,,,,1,㈱リファテック,賃貸東京圏10年以上,0,,
120,1,住設業務,大阪府,,,,,,0,ユナイトサービス㈱,賃貸大阪10年未満,0,,
120,1,住設業務,兵庫県,,,,,,0,ユナイトサービス㈱,賃貸大阪10年未満,0,,
130,1,住設業務,大阪府,,,,,,1,株式会社日新,賃貸大阪10年以上,0,,
130,1,住設業務,兵庫県,,,,,,1,株式会社日新,賃貸大阪10年以上,0,,
140,1,住設業務,,九州,,,,,0,ユナイトサービス㈱,賃貸九州10年未満,0,,
150,1,住設業務,,九州,,,,,1,ハートリビングサポート株式会社,賃貸九州10年以上,0,,
160,1,住設業務,沖縄県,,,,,,0,ユナイトサービス㈱,賃貸沖縄10年未満,0,,
170,1,住設業務,沖縄県,,,,,,1,ハートリビングサポート株式会社,賃貸沖縄10年以上,0,,
180,1,住設業務,群馬県,,,,,,0,ユナイトサービス㈱,賃貸群馬10年未満,0,,
190,1,住設業務,群馬県,,,,,,1,アレック,賃貸群馬10年以上（ガス機器不可）,0,,
200,1,ビックカメラ,,,,,,持込修理,,ソフマップ修理センター,ビックカメラ持込,0,,
200,1,ソフマップ,,,,,,持込修理,,ソフマップ修理センター,ソフマップ持込,0,,
210,1,,,九州,,,,持込修理,,リペアネットワーク株式会社,九州持込（データ消去不要製品）,0,,
220,1,,,NTT西日本（九州以外）,,,,持込修理,,ユナイトサービス㈱,西日本持込,0,,
230,1,,,NTT東日本,,,,持込修理,,WRT修理センター,東日本持込,0,,
240,1,,,NTT東日本,,冷蔵庫,,出張修理,,WRT修理センター,東日本×対象製品,0,出張修理一覧 No.2,
240,1,,,NTT東日本,,洗濯機,,出張修理,,WRT修理センター,東日本×対象製品,0,出張修理一覧 No.2,
240,1,,,NTT東日本,,衣類乾燥機,,出張修理,,WRT修理センター,東日本×対象製品,0,出張修理一覧 No.2,
240,1,,,NTT東日本,,電子レンジ,,出張修理,,WRT修理センター,東日本×対象製品,0,出張修理一覧 No.2,
240,1,,,NTT東日本,,オーブンレンジ,,出張修理,,WRT修理センター,東日本×対象製品,0,出張修理一覧 No.2,
240,1,,,NTT東日本,,石油ファンヒーター,,出張修理,,WRT修理センター,東日本×対象製品,0,出張修理一覧 No.2,
240,1,,,NTT東日本,,石油ストーブ,,出張修理,,WRT修理センター,東日本×対象製品,0,出張修理一覧 No.2,
240,1,,,NTT東日本,,マッサージチェア,,出張修理,,WRT修理センター,東日本×対象製品,0,出張修理一覧 No.2,
240,1,,,NTT東日本,,大型マッサージ機,,出張修理,,WRT修理センター,東日本×対象製品,0,出張修理一覧 No.2,
300,1,,,,,,株式会社三建,出張修理,,株式会社三建,自店修理：株式会社三建,0,追加候補のうち修理依頼先が明確な自店修理,
301,1,,,,,,三建,出張修理,,株式会社三建,自店修理：株式会社三建,0,追加候補のうち修理依頼先が明確な自店修理,
310,1,,,,,,住宅資材センター,出張修理,,住宅資材センター,自店修理：住宅資材センター,0,追加候補のうち修理依頼先が明確な自店修理,
320,1,,,,,,キューハウ,出張修理,,株式会社キューハウ,自店修理：株式会社キューハウ,0,Comfo home/Bosch条件はWRS引き継ぎのみで扱う,
95,1,住設業務,,,,,フュディアル,出張修理,,㈱リファテック,フュディアル住設/賃貸,0,賃貸依頼テンプレート上はリファテック宛,
900,1,,,全国,,,,出張修理,,ユナイトサービス㈱,依頼先一覧 No.7 上記以外・全国・全メーカー,0,上記特殊ルール以外の出張修理 fallback,
999,1,住設業務,,,,,,,0,ユナイトサービス㈱,賃貸その他10年未満,0,,
999,1,住設業務,,,,,,,1,担当エスカ（要確認）,賃貸その他10年以上,1,,
5,1,,,,,,電算システム,,,WRT修理センター（翌営業日折り返し）,電算システム回線,0,,callback
2,1,,,全国,,水栓,,出張修理,1,クラシアン（交換）,既築／中古 水栓 10年以上,0,保証対象外時費用／修理依頼先一覧：水栓 10年以上はクラシアン（交換）,電話依頼
1,1,,,全国,,水栓,,出張修理,0,ユナイトサービス㈱,既築／中古 水栓 10年以内・年数不明,0,保証対象外時費用／修理依頼先一覧：水栓 10年以内・年数不明はユナイト,
